GEOID,Depression_prev,Med_income,percent_Poverty,percent_Unemployed,percent_Uninsured,percent_>=HighSch,percent_Black,percent_Hispanic,percent_>=18
0500000US45001,22.2,45710.0,14.8,2.1,11.6,83.7,26.87289734963485,1.702633954213506,79.7
0500000US45003,20.2,57572.0,12.5,3.9,9.7,89.3,24.55532744205421,6.018625963283644,78.3
0500000US45005,18.1,31800.0,25.4,7.3,11.4,76.2,73.21772639691714,3.600674373795761,80.4
0500000US45007,22.0,56796.0,12.9,3.2,10.8,85.8,15.292523600183957,4.0465228979888535,77.1
0500000US45009,19.6,44408.0,19.3,4.6,14.7,77.6,60.08133086876156,2.269870609981516,80.0
0500000US45011,20.4,38237.0,25.5,4.3,13.1,81.4,45.88240949954329,2.658526032402289,76.1
0500000US45013,16.6,74199.0,9.8,2.0,9.6,93.4,16.724101781115763,11.20441703806846,81.5
0500000US45015,18.8,70786.0,10.2,2.6,10.5,89.6,23.27428983212192,7.077213241639459,76.1
0500000US45017,19.7,52491.0,18.3,2.8,9.4,86.1,39.71686152979293,3.965347232004508,80.8
0500000US45019,19.2,70807.0,11.6,2.4,9.8,92.9,25.24558830066231,5.307621263081992,80.3
0500000US45021,22.2,41330.0,16.6,4.0,12.1,83.3,19.717457832182763,4.739876165397481,76.9
0500000US45023,20.6,46441.0,16.7,3.2,11.3,84.6,36.99377188361789,2.2371641929786508,77.4
0500000US45025,19.6,45046.0,19.1,4.6,12.1,80.0,31.04340854426756,4.6340625357920056,77.8
0500000US45027,18.9,45542.0,18.4,5.2,10.4,79.8,46.15506279062412,3.2739695694809097,80.7
0500000US45029,20.4,41419.0,17.0,3.4,14.0,86.0,35.92159916926272,3.6292834890965735,77.5
0500000US45031,21.4,40704.0,19.2,3.3,8.7,84.8,41.31130484132864,2.263805905443539,77.6
0500000US45033,21.2,39780.0,26.1,3.6,13.5,78.7,47.351631787429454,2.941073369088933,74.6
0500000US45035,20.5,68046.0,10.4,3.5,11.1,90.4,24.498688974903235,5.875265326507679,75.5
0500000US45037,19.7,55183.0,15.6,3.5,9.0,82.1,34.050427943557715,6.264939471046341,82.1
0500000US45039,18.7,41755.0,16.5,3.3,7.6,84.5,56.83470216180496,2.407250070801473,81.2
0500000US45041,19.8,51902.0,16.9,2.7,10.3,86.3,42.74818613595967,2.869401789096419,76.2
0500000US45043,19.2,55719.0,15.8,3.6,10.8,89.7,30.4498983997968,3.2004064008128017,82.0
0500000US45045,19.7,65513.0,10.2,2.5,10.4,89.7,16.930802152633586,9.657959312605696,76.8
0500000US45047,21.0,44513.0,14.5,3.3,8.8,86.0,31.835357235570683,6.361591046756468,77.2
0500000US45049,19.2,38298.0,18.4,5.6,10.3,81.5,52.72793467519634,4.311645082436157,78.3
0500000US45051,21.0,54688.0,13.9,3.3,14.2,91.1,12.6046423963,6.205616690589071,82.1
0500000US45053,18.5,47811.0,15.7,4.2,13.9,88.8,38.962733138243486,13.792617142051265,80.1
0500000US45055,20.9,56449.0,13.7,3.2,10.1,89.8,23.196233208696857,4.930065087937958,76.7
0500000US45057,21.0,67407.0,11.9,2.8,8.5,87.9,19.91590335224452,5.944872323117069,78.3
0500000US45059,23.4,46754.0,19.5,3.6,13.6,82.1,22.85697265741348,5.365759218442843,77.9
0500000US45061,18.6,36195.0,20.2,3.7,11.3,82.3,62.45666467423789,2.55827854154214,80.7
0500000US45063,22.4,65623.0,11.2,3.0,9.6,90.4,14.856559133150284,6.31112390863936,76.8
0500000US45065,17.1,53193.0,15.7,2.6,5.4,83.5,44.42821368948247,0.8034223706176963,88.4
0500000US45067,19.1,34465.0,24.1,3.4,13.9,80.4,56.596248098698666,2.9778604022308603,77.2
0500000US45069,20.1,32136.0,22.4,3.9,13.2,79.7,49.82164090368609,3.3219381688466108,79.8
0500000US45071,20.6,50950.0,14.2,2.7,9.4,86.2,30.569208815601712,7.969980445008192,78.2
0500000US45073,21.6,52842.0,16.2,3.3,10.3,86.1,7.007391058871837,5.717805266129447,80.1
0500000US45075,19.2,38052.0,21.8,5.1,10.6,84.3,61.597710490054055,2.363707027523584,77.9
0500000US45077,24.5,53188.0,20.5,2.5,9.1,86.6,6.280040426795868,4.011819437265174,81.0
0500000US45079,19.8,56137.0,15.9,3.9,9.2,91.8,46.9006725035506,5.428977211075451,78.4
0500000US45081,20.8,46451.0,18.2,2.3,17.6,81.3,24.49494949494949,15.646043771043772,78.1
0500000US45083,23.1,57627.0,12.7,3.1,10.2,87.5,20.19116408147084,7.319490559492542,76.6
0500000US45085,19.9,49040.0,15.8,4.6,11.4,88.1,46.017036679079375,4.205160275543174,75.8
0500000US45087,22.6,40048.0,18.7,4.9,11.2,82.8,29.748040723650483,1.7505310188237015,78.5
0500000US45089,19.3,40124.0,20.6,2.2,9.8,83.9,64.13568208702324,2.295469804021868,79.2
0500000US45091,20.6,72234.0,8.4,3.3,8.5,91.6,18.790970788483165,6.031044694090806,75.7
